date,file_url
2022.11.15,https://www.bok.or.kr/portal/cmmn/file/fileDown.do?menuNo=200761&atchFileId=FILE_000000000035091&fileSn=2
2022.11.01,https://www.bok.or.kr/portal/cmmn/file/fileDown.do?menuNo=200761&atchFileId=FILE_000000000034867&fileSn=2
2022.10.07,https://www.bok.or.kr/portal/cmmn/file/fileDown.do?menuNo=200761&atchFileId=FILE_000000000034406&fileSn=2
2022.09.27,https://www.bok.or.kr/portal/cmmn/file/fileDown.do?menuNo=200761&atchFileId=FILE_000000000034210&fileSn=2
2022.09.13,https://www.bok.or.kr/portal/cmmn/file/fileDown.do?menuNo=200761&atchFileId=FILE_000000000034051&fileSn=2
2022.08.16,https://www.bok.or.kr/portal/cmmn/file/fileDown.do?menuNo=200761&atchFileId=FILE_000000000033255&fileSn=2
2022.08.02,https://www.bok.or.kr/portal/cmmn/file/fileDown.do?menuNo=200761&atchFileId=FILE_000000000033019&fileSn=2
2022.07.08,https://www.bok.or.kr/portal/cmmn/file/fileDown.do?menuNo=200761&atchFileId=FILE_000000000032246&fileSn=2
2022.06.28,https://www.bok.or.kr/portal/cmmn/file/fileDown.do?menuNo=200761&atchFileId=FILE_000000000031946&fileSn=2
2022.05.03,https://www.bok.or.kr/portal/cmmn/file/fileDown.do?menuNo=200761&atchFileId=FILE_000000000030802&fileSn=2
2022.04.08,https://www.bok.or.kr/portal/cmmn/file/fileDown.do?menuNo=200761&atchFileId=FILE_000000000030334&fileSn=2
2022.03.29,https://www.bok.or.kr/portal/cmmn/file/fileDown.do?menuNo=200761&atchFileId=FILE_000000000030136&fileSn=2
2022.03.15,https://www.bok.or.kr/portal/cmmn/file/fileDown.do?menuNo=200761&atchFileId=FILE_000000000029875&fileSn=2
2022.02.03,https://www.bok.or.kr/portal/cmmn/file/fileDown.do?menuNo=200761&atchFileId=FILE_000000000029116&fileSn=2
2022.01.07,https://www.bok.or.kr/portal/cmmn/file/fileDown.do?menuNo=200761&atchFileId=FILE_000000000028630&fileSn=2
2021.12.28,https://www.bok.or.kr/portal/cmmn/file/fileDown.do?menuNo=200761&atchFileId=FILE_000000000028412&fileSn=2
2021.12.14,https://www.bok.or.kr/portal/cmmn/file/fileDown.do?menuNo=200761&atchFileId=FILE_000000000028153&fileSn=2
2021.11.02,https://www.bok.or.kr/portal/cmmn/file/fileDown.do?menuNo=200761&atchFileId=FILE_000000000027525&fileSn=2
2021.09.28,https://www.bok.or.kr/portal/cmmn/file/fileDown.do?menuNo=200761&atchFileId=FILE_000000000026867&fileSn=2
2021.09.14,https://www.bok.or.kr/portal/cmmn/file/fileDown.do?menuNo=200761&atchFileId=FILE_000000000026599&fileSn=2
2021.08.17,https://www.bok.or.kr/portal/cmmn/file/fileDown.do?menuNo=200761&atchFileId=FILE_000000000025935&fileSn=2
2021.08.03,https://www.bok.or.kr/portal/cmmn/file/fileDown.do?menuNo=200761&atchFileId=FILE_000000000025774&fileSn=2
2021.07.20,https://www.bok.or.kr/portal/cmmn/file/fileDown.do?menuNo=200761&atchFileId=FILE_000000000025455&fileSn=2
2021.07.09,https://www.bok.or.kr/portal/cmmn/file/fileDown.do?menuNo=200761&atchFileId=FILE_000000000025245&fileSn=2
2021.06.29,https://www.bok.or.kr/portal/cmmn/file/fileDown.do?menuNo=200761&atchFileId=FILE_000000000025011&fileSn=2
2021.06.15,https://www.bok.or.kr/portal/cmmn/file/fileDown.do?menuNo=200761&atchFileId=FILE_000000000024803&fileSn=2
2021.05.04,https://www.bok.or.kr/portal/cmmn/file/fileDown.do?menuNo=200761&atchFileId=FILE_000000000023728&fileSn=2
2021.03.30,https://www.bok.or.kr/portal/cmmn/file/fileDown.do?menuNo=200761&atchFileId=FILE_000000000023095&fileSn=2
2021.03.16,https://www.bok.or.kr/portal/cmmn/file/fileDown.do?menuNo=200761&atchFileId=FILE_000000000022786&fileSn=2
2021.02.16,https://www.bok.or.kr/portal/cmmn/file/fileDown.do?menuNo=200761&atchFileId=FILE_000000000022200&fileSn=2
2021.02.02,https://www.bok.or.kr/portal/cmmn/file/fileDown.do?menuNo=200761&atchFileId=FILE_000000000022000&fileSn=2
2021.01.08,https://www.bok.or.kr/portal/cmmn/file/fileDown.do?menuNo=200761&atchFileId=FILE_000000000021442&fileSn=3
2020.12.29,https://www.bok.or.kr/portal/cmmn/file/fileDown.do?menuNo=200761&atchFileId=FILE_000000000021200&fileSn=2
2020.12.15,https://www.bok.or.kr/portal/cmmn/file/fileDown.do?menuNo=200761&atchFileId=FILE_000000000021008&fileSn=2
2020.11.17,https://www.bok.or.kr/portal/cmmn/file/fileDown.do?menuNo=200761&atchFileId=FILE_000000000020561&fileSn=2
2020.11.03,https://www.bok.or.kr/portal/cmmn/file/fileDown.do?menuNo=200761&atchFileId=FILE_000000000020348&fileSn=2
2020.09.29,https://www.bok.or.kr/portal/cmmn/file/fileDown.do?menuNo=200761&atchFileId=FILE_000000000019887&fileSn=2
2020.09.15,https://www.bok.or.kr/portal/cmmn/file/fileDown.do?menuNo=200761&atchFileId=FILE_000000000019652&fileSn=2
2020.08.18,https://www.bok.or.kr/portal/cmmn/file/fileDown.do?menuNo=200761&atchFileId=FILE_000000000019144&fileSn=2
2020.08.04,https://www.bok.or.kr/portal/cmmn/file/fileDown.do?menuNo=200761&atchFileId=FILE_000000000019003&fileSn=2
2020.08.04,https://www.bok.or.kr/portal/cmmn/file/fileDown.do?menuNo=200761&atchFileId=FILE_000000000019002&fileSn=2
2020.07.10,https://www.bok.or.kr/portal/cmmn/file/fileDown.do?menuNo=200761&atchFileId=FILE_000000000018540&fileSn=2
2020.06.30,https://www.bok.or.kr/portal/cmmn/file/fileDown.do?menuNo=200761&atchFileId=FILE_000000000018397&fileSn=2
2020.06.16,https://www.bok.or.kr/portal/cmmn/file/fileDown.do?menuNo=200761&atchFileId=FILE_000000000018152&fileSn=2
2020.06.02,https://www.bok.or.kr/portal/cmmn/file/fileDown.do?menuNo=200761&atchFileId=FILE_000000000017867&fileSn=2
2020.04.28,https://www.bok.or.kr/portal/cmmn/file/fileDown.do?menuNo=200761&atchFileId=FILE_000000000017252&fileSn=2
2020.04.14,https://www.bok.or.kr/portal/cmmn/file/fileDown.do?menuNo=200761&atchFileId=FILE_000000000017031&fileSn=2
2020.03.31,https://www.bok.or.kr/portal/cmmn/file/fileDown.do?menuNo=200761&atchFileId=FILE_000000000016792&fileSn=2
2020.03.31,https://www.bok.or.kr/portal/cmmn/file/fileDown.do?menuNo=200761&atchFileId=FILE_000000000016791&fileSn=2
2020.03.17,https://www.bok.or.kr/portal/cmmn/file/fileDown.do?menuNo=200761&atchFileId=FILE_000000000016489&fileSn=2
2020.02.04,https://www.bok.or.kr/portal/cmmn/file/fileDown.do?menuNo=200761&atchFileId=FILE_000000000015840&fileSn=2
2020.01.10,https://www.bok.or.kr/portal/cmmn/file/fileDown.do?menuNo=200761&atchFileId=FILE_000000000015301&fileSn=2
2019.12.31,https://www.bok.or.kr/portal/cmmn/file/fileDown.do?menuNo=200761&atchFileId=FILE_000000000015149&fileSn=2
2019.12.17,https://www.bok.or.kr/portal/cmmn/file/fileDown.do?menuNo=200761&atchFileId=FILE_000000000014826&fileSn=2
2019.10.11,https://www.bok.or.kr/portal/cmmn/file/fileDown.do?menuNo=200761&atchFileId=FILE_000000000013746&fileSn=2
2019.09.17,https://www.bok.or.kr/portal/cmmn/file/fileDown.do?menuNo=200761&atchFileId=FILE_000000000013325&fileSn=2
2019.08.27,https://www.bok.or.kr/portal/cmmn/file/fileDown.do?menuNo=200761&atchFileId=FILE_000000000012952&fileSn=2
2019.08.06,https://www.bok.or.kr/portal/cmmn/file/fileDown.do?menuNo=200761&atchFileId=FILE_000000000012634&fileSn=2
2019.07.09,https://www.bok.or.kr/portal/cmmn/file/fileDown.do?menuNo=200761&atchFileId=FILE_000000000012003&fileSn=2
2019.06.18,https://www.bok.or.kr/portal/cmmn/file/fileDown.do?menuNo=200761&atchFileId=FILE_000000000011589&fileSn=2
2019.05.28,https://www.bok.or.kr/portal/cmmn/file/fileDown.do?menuNo=200761&atchFileId=FILE_000000000011081&fileSn=2
2019.05.07,https://www.bok.or.kr/portal/cmmn/file/fileDown.do?menuNo=200761&atchFileId=FILE_000000000010654&fileSn=2
2019.04.12,https://www.bok.or.kr/portal/cmmn/file/fileDown.do?menuNo=200761&atchFileId=FILE_000000000010276&fileSn=2
2019.03.05,https://www.bok.or.kr/portal/cmmn/file/fileDown.do?menuNo=200761&atchFileId=FILE_000000000009445&fileSn=2
2019.02.12,https://www.bok.or.kr/portal/cmmn/file/fileDown.do?menuNo=200761&atchFileId=FILE_000000000009054&fileSn=2
2019.02.07,https://www.bok.or.kr/portal/cmmn/file/fileDown.do?menuNo=200761&atchFileId=FILE_000000000008959&fileSn=2
2019.01.15,https://www.bok.or.kr/portal/cmmn/file/fileDown.do?menuNo=200761&atchFileId=FILE_000000000008551&fileSn=2
2019.01.08,https://www.bok.or.kr/portal/cmmn/file/fileDown.do?menuNo=200761&atchFileId=FILE_000000000008405&fileSn=2
2018.12.26,https://www.bok.or.kr/portal/cmmn/file/fileDown.do?menuNo=200761&atchFileId=FILE_000000000008131&fileSn=2
2018.12.18,https://www.bok.or.kr/portal/cmmn/file/fileDown.do?menuNo=200761&atchFileId=FILE_000000000007974&fileSn=2
2018.11.27,https://www.bok.or.kr/portal/cmmn/file/fileDown.do?menuNo=200761&atchFileId=FILE_000000000007562&fileSn=2
2018.11.06,https://www.bok.or.kr/portal/cmmn/file/fileDown.do?menuNo=200761&atchFileId=FILE_000000000007208&fileSn=2
2018.09.18,https://www.bok.or.kr/portal/cmmn/file/fileDown.do?menuNo=200761&atchFileId=FILE_000000000006297&fileSn=2
2018.08.14,https://www.bok.or.kr/portal/cmmn/file/fileDown.do?menuNo=200761&atchFileId=FILE_000000000005600&fileSn=2
2018.07.31,https://www.bok.or.kr/portal/cmmn/file/fileDown.do?menuNo=200761&atchFileId=FILE_000000000005384&fileSn=2
2018.07.06,https://www.bok.or.kr/portal/cmmn/file/fileDown.do?menuNo=200761&atchFileId=FILE_000000000004691&fileSn=2
2018.06.12,https://www.bok.or.kr/portal/cmmn/file/fileDown.do?menuNo=200761&atchFileId=FILE_000000000003979&fileSn=2
2018.05.15,https://www.bok.or.kr/portal/cmmn/file/fileDown.do?menuNo=200761&atchFileId=FILE_000000000003000&fileSn=2
2018.05.02,https://www.bok.or.kr/portal/cmmn/file/fileDown.do?menuNo=200761&atchFileId=KO_00000000000144368&fileSn=2
2018.04.17,https://www.bok.or.kr/portal/cmmn/file/fileDown.do?menuNo=200761&atchFileId=KO_00000000000144056&fileSn=2
2018.03.27,https://www.bok.or.kr/portal/cmmn/file/fileDown.do?menuNo=200761&atchFileId=KO_00000000000143631&fileSn=2
2018.02.27,https://www.bok.or.kr/portal/cmmn/file/fileDown.do?menuNo=200761&atchFileId=KO_00000000000143015&fileSn=2
2018.02.06,https://www.bok.or.kr/portal/cmmn/file/fileDown.do?menuNo=200761&atchFileId=KO_00000000000142628&fileSn=2
2018.01.16,https://www.bok.or.kr/portal/cmmn/file/fileDown.do?menuNo=200761&atchFileId=KO_00000000000142165&fileSn=2
2018.01.02,https://www.bok.or.kr/portal/cmmn/file/fileDown.do?menuNo=200761&atchFileId=KO_00000000000141564&fileSn=2
2017.12.26,https://www.bok.or.kr/portal/cmmn/file/fileDown.do?menuNo=200761&atchFileId=KO_00000000000141380&fileSn=2
2017.12.19,https://www.bok.or.kr/portal/cmmn/file/fileDown.do?menuNo=200761&atchFileId=KO_00000000000141238&fileSn=2
2017.11.28,https://www.bok.or.kr/portal/cmmn/file/fileDown.do?menuNo=200761&atchFileId=KO_00000000000140759&fileSn=2
2017.11.07,https://www.bok.or.kr/portal/cmmn/file/fileDown.do?menuNo=200761&atchFileId=KO_00000000000140367&fileSn=2
2017.10.10,https://www.bok.or.kr/portal/cmmn/file/fileDown.do?menuNo=200761&atchFileId=KO_00000000000139664&fileSn=2
2017.08.29,https://www.bok.or.kr/portal/cmmn/file/fileDown.do?menuNo=200761&atchFileId=KO_00000000000138711&fileSn=2
2017.08.01,https://www.bok.or.kr/portal/cmmn/file/fileDown.do?menuNo=200761&atchFileId=KO_00000000000138065&fileSn=2
2017.07.07,https://www.bok.or.kr/portal/cmmn/file/fileDown.do?menuNo=200761&atchFileId=KO_00000000000137283&fileSn=2
2017.06.13,https://www.bok.or.kr/portal/cmmn/file/fileDown.do?menuNo=200761&atchFileId=KO_00000000000136756&fileSn=2
2017.05.16,https://www.bok.or.kr/portal/cmmn/file/fileDown.do?menuNo=200761&atchFileId=KO_00000000000135960&fileSn=2
2017.05.02,https://www.bok.or.kr/portal/cmmn/file/fileDown.do?menuNo=200761&atchFileId=KO_00000000000135725&fileSn=2
2017.04.07,https://www.bok.or.kr/portal/cmmn/file/fileDown.do?menuNo=200761&atchFileId=KO_00000000000135212&fileSn=2
2017.03.14,https://www.bok.or.kr/portal/cmmn/file/fileDown.do?menuNo=200761&atchFileId=KO_00000000000134602&fileSn=2
2017.02.14,https://www.bok.or.kr/portal/cmmn/file/fileDown.do?menuNo=200761&atchFileId=KO_00000000000133769&fileSn=2
2017.01.17,https://www.bok.or.kr/portal/cmmn/file/fileDown.do?menuNo=200761&atchFileId=KO_00000000000132986&fileSn=2
2017.01.10,https://www.bok.or.kr/portal/cmmn/file/fileDown.do?menuNo=200761&atchFileId=KO_00000000000132842&fileSn=2
2017.01.03,https://www.bok.or.kr/portal/cmmn/file/fileDown.do?menuNo=200761&atchFileId=KO_00000000000132699&fileSn=2
2016.12.13,https://www.bok.or.kr/portal/cmmn/file/fileDown.do?menuNo=200761&atchFileId=KO_00000000000132102&fileSn=2
2016.11.29,https://www.bok.or.kr/portal/cmmn/file/fileDown.do?menuNo=200761&atchFileId=KO_00000000000131735&fileSn=2
2016.11.15,https://www.bok.or.kr/portal/cmmn/file/fileDown.do?menuNo=200761&atchFileId=KO_00000000000131464&fileSn=2
2016.11.01,https://www.bok.or.kr/portal/cmmn/file/fileDown.do?menuNo=200761&atchFileId=KO_00000000000131169&fileSn=2
2016.10.11,https://www.bok.or.kr/portal/cmmn/file/fileDown.do?menuNo=200761&atchFileId=KO_00000000000130666&fileSn=2
2016.09.27,https://www.bok.or.kr/portal/cmmn/file/fileDown.do?menuNo=200761&atchFileId=KO_00000000000130137&fileSn=2
2016.08.02,https://www.bok.or.kr/portal/cmmn/file/fileDown.do?menuNo=200761&atchFileId=KO_00000000000129046&fileSn=2
2016.07.19,https://www.bok.or.kr/portal/cmmn/file/fileDown.do?menuNo=200761&atchFileId=KO_00000000000128702&fileSn=2
2016.07.12,https://www.bok.or.kr/portal/cmmn/file/fileDown.do?menuNo=200761&atchFileId=KO_00000000000128259&fileSn=2
2016.06.28,https://www.bok.or.kr/portal/cmmn/file/fileDown.do?menuNo=200761&atchFileId=KO_00000000000127611&fileSn=2
2016.05.31,https://www.bok.or.kr/portal/cmmn/file/fileDown.do?menuNo=200761&atchFileId=KO_00000000000126844&fileSn=2
2016.05.04,https://www.bok.or.kr/portal/cmmn/file/fileDown.do?menuNo=200761&atchFileId=KO_00000000000126220&fileSn=2
2016.04.12,https://www.bok.or.kr/portal/cmmn/file/fileDown.do?menuNo=200761&atchFileId=KO_00000000000125648&fileSn=2
2016.03.29,https://www.bok.or.kr/portal/cmmn/file/fileDown.do?menuNo=200761&atchFileId=KO_00000000000125271&fileSn=2
2016.03.15,https://www.bok.or.kr/portal/cmmn/file/fileDown.do?menuNo=200761&atchFileId=KO_00000000000124880&fileSn=2
2016.02.16,https://www.bok.or.kr/portal/cmmn/file/fileDown.do?menuNo=200761&atchFileId=KO_00000000000124062&fileSn=2
2016.02.02,https://www.bok.or.kr/portal/cmmn/file/fileDown.do?menuNo=200761&atchFileId=KO_00000000000123815&fileSn=2
2016.01.12,https://www.bok.or.kr/portal/cmmn/file/fileDown.do?menuNo=200761&atchFileId=KO_00000000000123220&fileSn=2
2016.01.05,https://www.bok.or.kr/portal/cmmn/file/fileDown.do?menuNo=200761&atchFileId=KO_00000000000123043&fileSn=2
2015.12.29,https://www.bok.or.kr/portal/cmmn/file/fileDown.do?menuNo=200761&atchFileId=KO_00000000000122755&fileSn=2
2015.12.15,https://www.bok.or.kr/portal/cmmn/file/fileDown.do?menuNo=200761&atchFileId=KO_00000000000122376&fileSn=2
2015.12.01,https://www.bok.or.kr/portal/cmmn/file/fileDown.do?menuNo=200761&atchFileId=KO_00000000000122054&fileSn=2
2015.11.17,https://www.bok.or.kr/portal/cmmn/file/fileDown.do?menuNo=200761&atchFileId=KO_00000000000121607&fileSn=2
2015.11.03,https://www.bok.or.kr/portal/cmmn/file/fileDown.do?menuNo=200761&atchFileId=KO_00000000000121201&fileSn=2
2015.09.30,https://www.bok.or.kr/portal/cmmn/file/fileDown.do?menuNo=200761&atchFileId=KO_00000000000120307&fileSn=2
2015.09.15,https://www.bok.or.kr/portal/cmmn/file/fileDown.do?menuNo=200761&atchFileId=KO_00000000000119906&fileSn=2
2015.09.01,https://www.bok.or.kr/portal/cmmn/file/fileDown.do?menuNo=200761&atchFileId=KO_00000000000119467&fileSn=2
2015.08.11,https://www.bok.or.kr/portal/cmmn/file/fileDown.do?menuNo=200761&atchFileId=KO_00000000000118933&fileSn=2
2015.07.28,https://www.bok.or.kr/portal/cmmn/file/fileDown.do?menuNo=200761&atchFileId=KO_00000000000118538&fileSn=2
2015.07.14,https://www.bok.or.kr/portal/cmmn/file/fileDown.do?menuNo=200761&atchFileId=KO_00000000000118188&fileSn=2
2015.06.30,https://www.bok.or.kr/portal/cmmn/file/fileDown.do?menuNo=200761&atchFileId=KO_00000000000117763&fileSn=2
2015.06.02,https://www.bok.or.kr/portal/cmmn/file/fileDown.do?menuNo=200761&atchFileId=KO_00000000000116987&fileSn=2
2015.05.12,https://www.bok.or.kr/portal/cmmn/file/fileDown.do?menuNo=200761&atchFileId=KO_00000000000116384&fileSn=2
2015.04.14,https://www.bok.or.kr/portal/cmmn/file/fileDown.do?menuNo=200761&atchFileId=KO_00000000000115725&fileSn=2
2015.03.31,https://www.bok.or.kr/portal/cmmn/file/fileDown.do?menuNo=200761&atchFileId=KO_00000000000115291&fileSn=2
2015.03.10,https://www.bok.or.kr/portal/cmmn/file/fileDown.do?menuNo=200761&atchFileId=KO_00000000000114780&fileSn=2
2015.02.17,https://www.bok.or.kr/portal/cmmn/file/fileDown.do?menuNo=200761&atchFileId=KO_00000000000114230&fileSn=2
2015.02.03,https://www.bok.or.kr/portal/cmmn/file/fileDown.do?menuNo=200761&atchFileId=KO_00000000000113912&fileSn=2
2015.01.13,https://www.bok.or.kr/portal/cmmn/file/fileDown.do?menuNo=200761&atchFileId=KO_00000000000113283&fileSn=2
2014.12.30,https://www.bok.or.kr/portal/cmmn/file/fileDown.do?menuNo=200761&atchFileId=KO_00000000000112915&fileSn=2
2014.12.02,https://www.bok.or.kr/portal/cmmn/file/fileDown.do?menuNo=200761&atchFileId=KO_00000000000111710&fileSn=2
2014.11.11,https://www.bok.or.kr/portal/cmmn/file/fileDown.do?menuNo=200761&atchFileId=KO_00000000000111028&fileSn=2
2014.10.14,https://www.bok.or.kr/portal/cmmn/file/fileDown.do?menuNo=200761&atchFileId=KO_00000000000110273&fileSn=2
2014.09.30,https://www.bok.or.kr/portal/cmmn/file/fileDown.do?menuNo=200761&atchFileId=KO_00000000000109919&fileSn=2
2014.09.02,https://www.bok.or.kr/portal/cmmn/file/fileDown.do?menuNo=200761&atchFileId=KO_00000000000109240&fileSn=2
2014.08.12,https://www.bok.or.kr/portal/cmmn/file/fileDown.do?menuNo=200761&atchFileId=KO_00000000000108480&fileSn=2
2014.07.29,https://www.bok.or.kr/portal/cmmn/file/fileDown.do?menuNo=200761&atchFileId=KO_00000000000108070&fileSn=2
2014.07.01,https://www.bok.or.kr/portal/cmmn/file/fileDown.do?menuNo=200761&atchFileId=KO_00000000000107405&fileSn=2
2014.05.27,https://www.bok.or.kr/portal/cmmn/file/fileDown.do?menuNo=200761&atchFileId=KO_00000000000106578&fileSn=2
2014.05.13,https://www.bok.or.kr/portal/cmmn/file/fileDown.do?menuNo=200761&atchFileId=KO_00000000000106227&fileSn=2
2014.04.29,https://www.bok.or.kr/portal/cmmn/file/fileDown.do?menuNo=200761&atchFileId=KO_00000000000105915&fileSn=2
2014.04.01,https://www.bok.or.kr/portal/cmmn/file/fileDown.do?menuNo=200761&atchFileId=KO_00000000000105285&fileSn=2
2014.03.04,https://www.bok.or.kr/portal/cmmn/file/fileDown.do?menuNo=200761&atchFileId=KO_00000000000104635&fileSn=2
2014.01.28,https://www.bok.or.kr/portal/cmmn/file/fileDown.do?menuNo=200761&atchFileId=KO_00000000000103754&fileSn=2
2014.01.14,https://www.bok.or.kr/portal/cmmn/file/fileDown.do?menuNo=200761&atchFileId=KO_00000000000103435&fileSn=2
2013.12.31,https://www.bok.or.kr/portal/cmmn/file/fileDown.do?menuNo=200761&atchFileId=KO_00000000000103120&fileSn=2
2013.12.03,https://www.bok.or.kr/portal/cmmn/file/fileDown.do?menuNo=200761&atchFileId=KO_00000000000102071&fileSn=2
2013.11.12,https://www.bok.or.kr/portal/cmmn/file/fileDown.do?menuNo=200761&atchFileId=KO_00000000000101520&fileSn=2
2013.10.29,https://www.bok.or.kr/portal/cmmn/file/fileDown.do?menuNo=200761&atchFileId=KO_00000000000101175&fileSn=2
2013.10.15,https://www.bok.or.kr/portal/cmmn/file/fileDown.do?menuNo=200761&atchFileId=KO_00000000000100844&fileSn=2
2013.08.27,https://www.bok.or.kr/portal/cmmn/file/fileDown.do?menuNo=200761&atchFileId=KO_00000000000099785&fileSn=2
2013.08.13,https://www.bok.or.kr/portal/cmmn/file/fileDown.do?menuNo=200761&atchFileId=KO_00000000000099510&fileSn=2
2013.07.30,https://www.bok.or.kr/portal/cmmn/file/fileDown.do?menuNo=200761&atchFileId=KO_00000000000099057&fileSn=2
2013.07.16,https://www.bok.or.kr/portal/cmmn/file/fileDown.do?menuNo=200761&atchFileId=KO_00000000000098784&fileSn=2
2013.07.02,https://www.bok.or.kr/portal/cmmn/file/fileDown.do?menuNo=200761&atchFileId=KO_00000000000098432&fileSn=2
2013.05.28,https://www.bok.or.kr/portal/cmmn/file/fileDown.do?menuNo=200761&atchFileId=KO_00000000000097596&fileSn=2
2013.05.14,https://www.bok.or.kr/portal/cmmn/file/fileDown.do?menuNo=200761&atchFileId=KO_00000000000097359&fileSn=2
2013.04.30,https://www.bok.or.kr/portal/cmmn/file/fileDown.do?menuNo=200761&atchFileId=KO_00000000000097033&fileSn=2
2013.04.16,https://www.bok.or.kr/portal/cmmn/file/fileDown.do?menuNo=200761&atchFileId=KO_00000000000096617&fileSn=2
2013.03.19,https://www.bok.or.kr/portal/cmmn/file/fileDown.do?menuNo=200761&atchFileId=KO_00000000000096020&fileSn=2
2013.03.05,https://www.bok.or.kr/portal/cmmn/file/fileDown.do?menuNo=200761&atchFileId=KO_00000000000095733&fileSn=2
2013.01.29,https://www.bok.or.kr/portal/cmmn/file/fileDown.do?menuNo=200761&atchFileId=KO_00000000000095044&fileSn=2
2013.01.15,https://www.bok.or.kr/portal/cmmn/file/fileDown.do?menuNo=200761&atchFileId=KO_00000000000094802&fileSn=2
2013.01.02,https://www.bok.or.kr/portal/cmmn/file/fileDown.do?menuNo=200761&atchFileId=KO_00000000000094440&fileSn=2
2012.11.27,https://www.bok.or.kr/portal/cmmn/file/fileDown.do?menuNo=200761&atchFileId=KO_00000000000093618&fileSn=2
2012.11.13,https://www.bok.or.kr/portal/cmmn/file/fileDown.do?menuNo=200761&atchFileId=KO_00000000000093118&fileSn=2
2012.10.30,https://www.bok.or.kr/portal/cmmn/file/fileDown.do?menuNo=200761&atchFileId=KO_00000000000092801&fileSn=2
2012.10.16,https://www.bok.or.kr/portal/cmmn/file/fileDown.do?menuNo=200761&atchFileId=KO_00000000000092553&fileSn=2
2012.09.18,https://www.bok.or.kr/portal/cmmn/file/fileDown.do?menuNo=200761&atchFileId=KO_00000000000091978&fileSn=2
2012.09.11,https://www.bok.or.kr/portal/cmmn/file/fileDown.do?menuNo=200761&atchFileId=KO_00000000000091801&fileSn=2
2012.08.28,https://www.bok.or.kr/portal/cmmn/file/fileDown.do?menuNo=200761&atchFileId=KO_00000000000091462&fileSn=2
2012.08.07,https://www.bok.or.kr/portal/cmmn/file/fileDown.do?menuNo=200761&atchFileId=KO_00000000000091113&fileSn=2
2012.07.24,https://www.bok.or.kr/portal/cmmn/file/fileDown.do?menuNo=200761&atchFileId=KO_00000000000090744&fileSn=2
2012.06.26,https://www.bok.or.kr/portal/cmmn/file/fileDown.do?menuNo=200761&atchFileId=KO_00000000000090002&fileSn=2
2012.05.29,https://www.bok.or.kr/portal/cmmn/file/fileDown.do?menuNo=200761&atchFileId=KO_00000000000089367&fileSn=2
2012.05.08,https://www.bok.or.kr/portal/cmmn/file/fileDown.do?menuNo=200761&atchFileId=KO_00000000000088968&fileSn=2
2012.04.24,https://www.bok.or.kr/portal/cmmn/file/fileDown.do?menuNo=200761&atchFileId=KO_00000000000088515&fileSn=2
2012.03.13,https://www.bok.or.kr/portal/cmmn/file/fileDown.do?menuNo=200761&atchFileId=KO_00000000000087683&fileSn=2
2012.02.28,https://www.bok.or.kr/portal/cmmn/file/fileDown.do?menuNo=200761&atchFileId=KO_00000000000087417&fileSn=2
2012.02.14,https://www.bok.or.kr/portal/cmmn/file/fileDown.do?menuNo=200761&atchFileId=KO_00000000000087112&fileSn=2
2012.02.07,https://www.bok.or.kr/portal/cmmn/file/fileDown.do?menuNo=200761&atchFileId=KO_00000000000086991&fileSn=2
2012.01.31,https://www.bok.or.kr/portal/cmmn/file/fileDown.do?menuNo=200761&atchFileId=KO_00000000000086799&fileSn=2
2012.01.25,https://www.bok.or.kr/portal/cmmn/file/fileDown.do?menuNo=200761&atchFileId=KO_00000000000086679&fileSn=2
2012.01.13,https://www.bok.or.kr/portal/cmmn/file/fileDown.do?menuNo=200761&atchFileId=KO_00000000000086430&fileSn=2
2011.12.27,https://www.bok.or.kr/portal/cmmn/file/fileDown.do?menuNo=200761&atchFileId=KO_00000000000085989&fileSn=2
2011.11.29,https://www.bok.or.kr/portal/cmmn/file/fileDown.do?menuNo=200761&atchFileId=KO_00000000000085990&fileSn=2
2011.10.25,https://www.bok.or.kr/portal/cmmn/file/fileDown.do?menuNo=200761&atchFileId=KO_00000000000085992&fileSn=2
2011.09.27,https://www.bok.or.kr/portal/cmmn/file/fileDown.do?menuNo=200761&atchFileId=KO_00000000000085993&fileSn=2
2011.09.06,https://www.bok.or.kr/portal/cmmn/file/fileDown.do?menuNo=200761&atchFileId=KO_00000000000085994&fileSn=2
2011.08.30,https://www.bok.or.kr/portal/cmmn/file/fileDown.do?menuNo=200761&atchFileId=KO_00000000000085995&fileSn=2
2011.08.09,https://www.bok.or.kr/portal/cmmn/file/fileDown.do?menuNo=200761&atchFileId=KO_00000000000085996&fileSn=2
2011.07.26,https://www.bok.or.kr/portal/cmmn/file/fileDown.do?menuNo=200761&atchFileId=KO_00000000000085997&fileSn=2
2011.06.28,https://www.bok.or.kr/portal/cmmn/file/fileDown.do?menuNo=200761&atchFileId=KO_00000000000085998&fileSn=2
2011.05.31,https://www.bok.or.kr/portal/cmmn/file/fileDown.do?menuNo=200761&atchFileId=KO_00000000000085979&fileSn=2
2011.05.11,https://www.bok.or.kr/portal/cmmn/file/fileDown.do?menuNo=200761&atchFileId=KO_00000000000085980&fileSn=2
2011.04.12,https://www.bok.or.kr/portal/cmmn/file/fileDown.do?menuNo=200761&atchFileId=KO_00000000000085982&fileSn=2
2011.03.29,https://www.bok.or.kr/portal/cmmn/file/fileDown.do?menuNo=200761&atchFileId=KO_00000000000085983&fileSn=2
2011.03.08,https://www.bok.or.kr/portal/cmmn/file/fileDown.do?menuNo=200761&atchFileId=KO_00000000000085984&fileSn=2
2011.03.02,https://www.bok.or.kr/portal/cmmn/file/fileDown.do?menuNo=200761&atchFileId=KO_00000000000085985&fileSn=2
2011.02.22,https://www.bok.or.kr/portal/cmmn/file/fileDown.do?menuNo=200761&atchFileId=KO_00000000000085986&fileSn=2
2011.02.08,https://www.bok.or.kr/portal/cmmn/file/fileDown.do?menuNo=200761&atchFileId=KO_00000000000085987&fileSn=2
2011.01.25,https://www.bok.or.kr/portal/cmmn/file/fileDown.do?menuNo=200761&atchFileId=KO_00000000000085988&fileSn=2
2011.01.04,https://www.bok.or.kr/portal/cmmn/file/fileDown.do?menuNo=200761&atchFileId=KO_00000000000085969&fileSn=2
2010.11.30,https://www.bok.or.kr/portal/cmmn/file/fileDown.do?menuNo=200761&atchFileId=KO_00000000000085970&fileSn=2
